he	en
# Hebrew is the key. An empty English column means: still shows Hebrew.
# Source order, so the strings of one screen sit together.

# ---- Ai.cs ----
לא הוגדר מפתח. פתחו את הגדרות ה-AI כדי להזין אותו.	
בקשה: 	
 הודעות, 	
 פעולות, 	
 תווים	
עברנו לדגם 	
הדגם 	
 עמוס - מנסים דגם אחר	
מכסה דקתית ב-	
 - מנסים דגם אחר	
המכסה היומית של המפתח החינמי נגמרה בכל הדגמים.	
היא מתאפסת מחר. אפשר גם להפיק מפתח חדש בדף של גוגל.	
לא התקבלה תשובה מהשרת.	
נכשל: 	
תשובה: 	
השרת החזיר תשובה לא צפויה: 	
התשובה מהשרת ריקה.	
המודל לא החזיר תשובה. נסו לנסח את הבקשה מחדש, או שוב בעוד רגע.	
התשובה נקטעה באמצע (הגבלת אורך). נסו בקשה קצרה יותר.	
גוגל חסמה את התוכן הזה. נסו ניסוח אחר.	
המודל לא החזיר תשובה	
 נסו לנסח אחרת.	
תשובה ריקה. finish=	
  גוף: 	
לא הצלחתי לקרוא את התשובה: 	
שגיאת קריאה: 	
(ריק)	
נחסם: 	
גוגל חסמה את הבקשה (	
). נסו ניסוח אחר.	
גוף לא מוכר: 	
 לא מקבל thinkingConfig - שולחים בלעדיו	
 מיצה את המכסה היומית - מדלגים עליו עד להפעלה הבאה	
מכסה	
עומס בשרת	
 - ממתין 	
 שניות ומנסה שוב	
המכסה היומית של המפתח החינמי נגמרה - בכל הדגמים.	
המפתח החינמי מוגבל לכמה בקשות בדקה, והמכסה נגמרה כרגע. 	
המתינו דקה ונסו שוב.	
אין חיבור לאינטרנט, או שהחיבור נחסם. (	
דגם: 	
מפתח: 	
לא הוגדר	
חיבור לשרת: תקין (	
חיבור לשרת: מגיע (	
חיבור לשרת: נכשל - 	
חיבור לשרת: שגיאה - 	
ענה במספר בלבד.	
בקשה רגילה: 	
עובדת	
נכשלה - 	
מצב נוכחי	
מה המצב?	
קרא לפונקציה אם אפשר.	
בקשה עם פעולות: 	
הדגם שענה: 	
דגמים שהמכסה היומית שלהם נגמרה בהפעלה הזאת:	
  · 	
נשארו 	
 דגמים מתוך 	
כל 	
 הדגמים עדיין זמינים.	
--- אבחון ---	
אין שמע לתמלל.	
אתה מתמלל שמע לכתוביות. תמלל בדיוק את מה שנאמר, בשפה שבה זה נאמר.\n	
כללים: אל תתרגם; אל תסכם; אל תוסיף מילים שלא נאמרו; אל תכתוב הערות 	
כמו [מוזיקה] או [לא ברור]; אם קטע לא מובן - דלג עליו.\n	
פסק כרגיל, וחלק לשורות קצרות שנוחות לקריאה על מסך.\n	
רקע על התוכן: 	
החזר אך ורק מערך JSON: [{"s":0.00,"e":2.50,"t":"..."}]\n	
‏s ו-e בשניות מתחילת קובץ השמע הזה. אם אין דיבור כלל - החזר [].	
תמלל את קובץ השמע.	
התמלול חזר בפורמט לא צפוי.	
התמלול חזר בפורמט לא צפוי: 	
אתה מתרגם כתוביות מקצועי. תרגם כל פריט לשפה: 	
כללים: שמור על אותו מספר פריטים ועל אותם מספרי i; אל תאחד ואל תפצל; 	
שמור על שורות שבורות (\\n) כמו במקור; אל תוסיף הסברים; שמור על טון טבעי ומדובר, 	
קצר ככל האפשר כדי שייכנס לזמן הקריאה; שמות פרטיים נשארים כמו שהם.\n	
החזר אך ורק מערך JSON בצורה: [{"i":0,"t":"..."}]	
התרגום חזר בפורמט לא צפוי.	
התרגום חזר בפורמט לא צפוי: 	

# ---- AiHost.cs ----
מצב נוכחי: שם הקובץ, אורך, מספר כתוביות, מיקום הנגן וקטע מסומן	
מחזיר כתוביות עם המספר, הזמנים והטקסט	
מאיזו כתובית להתחיל, מ-1. ברירת מחדל 1	
כמה להחזיר. ברירת מחדל 40, מקסימום 200	
משנה את הטקסט של כתובית אחת	
מספר הכתובית, מ-1	
הטקסט החדש	
מוסיף כתובית חדשה	
זמן ההופעה בשניות	
זמן ההיעלמות בשניות	
הטקסט	
מוחק טווח כתוביות	
מספר הכתובית הראשונה למחיקה, מ-1	
מספר הכתובית האחרונה. אם חסר - מוחק רק אחת	
מזיז תזמונים קדימה או אחורה	
כמה שניות. מספר חיובי מאחר, שלילי מקדים	
להזיז רק מכתובית זו והלאה. אם חסר - הכל	
בדיקת שגיאות: חפיפות, קצב קריאה מהיר מדי, כתוביות קצרות או ארוכות מדי, שורות ארוכות, יותר משתי שורות וכתוביות ריקות. מחזיר כמה מכל סוג, ואת 20 הראשונות עם מספר והסבר	
תיקון אוטומטי של מה שבטוח לתקן: חפיפות, כתוביות קצרות ומהירות מדי (מאריך לתוך המקום הפנוי), שורות ארוכות (מסדר בשתי שורות) וכתוביות ריקות. אחר כך אומר מה נשאר לתקן ביד	
מוצא מילים שאולי כתובות לא נכון, ומחזיר לכל אחת הצעות תיקון. עובד רק אם המילון מותקן	
מחליף מילה אחת בכתובית אחת, רק כמילה שלמה. לתיקון שגיאת כתיב שהמשתמש אישר	
מספר הכתובית, כמו שמוצג ברשימה	
המילה כמו שהיא כתובה עכשיו	
המילה הנכונה	
מוסיף מילה למילון האישי. מעכשיו היא תיחשב נכונה בכל הכתוביות. **רק כשהמשתמש אומר שהמילה תקינה**	
המילה	
מתרגם את כל הכתוביות ומחליף אותן במקום	
שם השפה בעברית, למשל: אנגלית	
רקע קצר על התוכן, לשיפור התרגום	
משנה את עיצוב הכתוביות בסרט המיוצא	
גודל הגופן באחוזים מגובה התמונה, בערך 3 עד 12	
צבע הטקסט: white, yellow, cyan, green וכו׳	
רקע כהה אטום מאחורי הטקסט	
מקפיץ את הנגן לזמן מסוים	
הזמן בשניות	
שומר את קובץ הכתוביות	
מסמן קטע על הציר, לקראת חיתוך או פעולה על קטע	
תחילת הקטע בשניות	
סוף הקטע בשניות	
פותח את חלון יצירת הסרט עם הכתוביות	
burn לצריבה בתמונה, track לערוץ כתוביות נפרד	
פותח את חלון חיתוך הקטע המסומן	
מפעיל כלי על קובץ הווידאו: עוצמה, המרה, דחיסה, מהירות, סיבוב, היפוך, GIF, חילוץ פס קול ועוד	
שם הכלי בדיוק כפי שהוא חוזר מ-list_media_tools. בלי שם - נפתחת רשימת הכלים	
מחזיר את שמות כל הכלים שאפשר להפעיל על הסרט	
פותח בתוכנה קובץ וידאו, אודיו או כתוביות	
נתיב מלא לקובץ. בלי נתיב - נפתח למשתמש דיאלוג בחירת קובץ	
הופך טקסט חופשי לכתוביות מתוזמנות. זו הדרך ליצור כתוביות מאפס מתוך תמליל, תרגום או כל טקסט	
הטקסט. כל שורה היא כתובית, אלא אם צוין אחרת	
מאיזה זמן להתחיל. ברירת מחדל: מיקום הנגן	
קצב קריאה לחישוב המשך. ברירת מחדל 15	
true = פסקה שלמה היא כתובית אחת	
true = להחליף את הקיימות. ברירת מחדל: לצרף	
true = לסמן שהתזמון הוא הערכה בלבד, והמשתמש יקבע אותו בלחיצות מול הסרט. 	
מומלץ כשהטקסט הוא תמליל בלי חותמות זמן ויש סרט פתוח	
שולף ערוץ כתוביות שמוטמע בתוך קובץ הווידאו (MKV/MP4) וטוען אותו לעריכה	
שומר את הכתוביות לקובץ חדש, בפורמט לבחירת המשתמש	
שומר את כל העבודה - הסרט, הכתוביות, העיצוב והמקום - בקובץ פרויקט אחד, כדי להמשיך 	
אחר כך. זו התשובה ל״איך אני ממשיך מחר״, ובמיוחד כשיש שורות שעוד לא תוזמנו	
משנה את הזמנים של כתובית אחת	
זמן התחלה חדש	
זמן סיום חדש	
מפצל כתובית לשתיים	
מספר הכתובית	
באיזה זמן לפצל. ברירת מחדל: באמצע	
מאחד כמה כתוביות רצופות לאחת	
מהכתובית הזו	
ועד הכתובית הזו	
חיפוש והחלפה בכל הכתוביות	
מה לחפש	
במה להחליף. מחרוזת ריקה = מחיקה	
להקפיד על אותיות גדולות/קטנות	
מסדר מחדש את שבירות השורה בכל הכתוביות	
אורך שורה מרבי. ברירת מחדל 42	
מוחק את כל הכתוביות ומתחיל מדף ריק	
מותח או מכווץ את כל התזמון לפי שתי נקודות עוגן - לתיקון כתוביות שמתנוות לאט מהסרט	
מספר כתובית ראשונה לעיגון	
הזמן הנכון שלה בסרט	
מספר כתובית אחרונה לעיגון	
מפעיל או עוצר את הניגון	
true לנגן, false לעצור. אם חסר - מחליף	
משנה את מהירות ההשמעה בתוכנה (לא את הקובץ)	
בין 0.5 ל-2. למשל 0.5 להאטה	
מבטל את הפעולה האחרונה	
מעביר בין מצב בהיר לכהה	
true = כהה	
יוצר כתובית ריקה במקום שבו הנגן עומד ומעביר את הסמן לכתיבה. 	
זו הפעולה הבסיסית של התוכנה - השתמש בה כשהמשתמש רוצה להוסיף שורה אחת	
טקסט התחלתי. אם חסר - הכתובית נוצרת ריקה והמשתמש כותב	
זמן בשניות. ברירת מחדל: המקום שבו הנגן עומד	
פותח את החלון שבו המשתמש **מדביק בעצמו** טקסט חופשי, והתוכנה 	
מחלקת אותו לכתוביות. זו התשובה כשהמשתמש רוצה כתוביות אבל הטקסט 	
נמצא אצלו ולא אצלך - אל תבקש ממנו להדביק לך אותו בצ'אט	
**מתמלל את הסרט הפתוח אוטומטית** - התוכנה מקשיבה לקול וכותבת 	
את הכתוביות עם הזמנים. זו התשובה הראשונה כשיש סרט ואין כתוביות. 	
פותח חלון אישור, כי הקול נשלח לשירות חיצוני (גוגל או Groq, המשתמש בוחר שם) - 	
המשתמש מאשר בעצמו	
רקע על התוכן (למשל: שיעור בגמרא) - עוזר לזהות מונחים	
**מתזמן לבד** את השורות שאין להן זמנים, לפי השתיקות בסרט - בלי אינטרנט, 	
בלי מכסה ובלי לשלוח כלום החוצה. זו הדרך הראשונה לתזמן טקסט שהמשתמש הביא. 	
אם כל הכתוביות כבר מתוזמנות, retime_all=true מתזמן מחדש את כולן - 	
רק כשהמשתמש ביקש את זה במפורש	
לתזמן מחדש גם כתוביות שכבר מתוזמנות	
מתחיל את מצב התזמון בלחיצה: הסרט מתנגן, והמשתמש לוחץ על כפתור 	
בכל פעם שמשפט מתחיל. עובד רק כשיש שורות שהתזמון שלהן עוד הערכה 	
(אחרי יבוא טקסט). זו הדרך הידנית - כשהתזמון האוטומטי לא הצליח, 	
או כשהמשתמש רוצה לתזמן בעצמו	
מצמיד התחלות וסופים של כתוביות למעברי סצנה קרובים (עד חצי שנייה), 	
כדי שכתובית לא תופיע רגע אחרי שהתמונה מתחלפת. בפעם הראשונה מאתר את 	
המעברים בסרט - בסרט ארוך זה לוקח כמה דקות, עם חלון התקדמות שאפשר לבטל	
לא פתוח קובץ. המשתמש צריך לפתוח סרט או קובץ כתוביות.	
קובץ 	
, אורך 	
 כתוביות	
, הנגן עומד על 	
פעולה לא מוכרת: 	
אין כתובית מספר 	
עריכה מהצ'אט	
כתובית 	
 עודכנה	
הוספה מהצ'אט	
נוספה כתובית ב-	
טווח לא תקין	
למחוק 	
 כתוביות?	
הצ'אט ביקש למחוק כתוביות 	
. אפשר לבטל אחר כך ב-Ctrl+Z.	
מחיקה	
ביטול	
מחיקה מהצ'אט	
נמחקו 	
לא צוין כמה להזיז	
אין כתוביות בטווח	
הזזה מהצ'אט	
הוזזו 	
 כתוביות ב-	
 שניות	
אין כתוביות	
תיקון מהצ'אט	
בדיקת האיות כבויה. אפשר להדליק אותה בהגדרות.	
המילון עוד לא הורד. בהגדרות יש כפתור להורדה (1.2 MB, פעם אחת).	
לא נמצאו מילים חשודות	
אין כתובית במספר הזה	
חסרה המילה או התיקון	
המילה ״	
״ לא נמצאה בכתובית 	
תיקון כתיב	
״ הוחלפה ב״	
לא צוינה מילה	
המילון לא טעון	
״ נוספה למילון האישי, ולא תסומן יותר	
אין כתוביות לתרגם	
אנגלית	
תרגום מהצ'אט	
הכתוביות תורגמו ל	
העיצוב עודכן	
הנגן עבר ל-	
הכתוביות נשמרו	
השמירה לא בוצעה	
הפרויקט נשמר: 	
. בפעם הבאה הוא יופיע במסך הפתיחה	
הפרויקט לא נשמר (אולי המשתמש ביטל את בחירת המקום)	
סומן קטע 	
אין סרט פתוח	
נפתח חלון יצירת הסרט	
צריך קודם לסמן קטע. אפשר להשתמש ב-mark_range.	
נפתח חלון החיתוך	
אין קובץ פתוח	
נפתח הכלי 	
אין כלי בשם הזה. קרא ל-list_media_tools כדי לראות את השמות.	
נפתח חלון הכלים	
לא נמצא קובץ בנתיב הזה	
נפתח 	
לא נפתח קובץ	
לא התקבל טקסט	
לא נוצרו כתוביות מהטקסט	
להחליף את הכתוביות הקיימות?	
הצ׳אט יצר 	
 כתוביות חדשות. אפשר לבטל אחר כך ב-Ctrl+Z.	
להחליף	
לצרף	
יצירה מטקסט	
נוצרו 	
. התזמון הוא הערכה - המשתמש יכול ללחוץ על ״לתזמן לפי הסרט״ ולסמן כל משפט	
חלון השליפה נסגר בלי לטעון כתוביות	
נשלפו כתוביות מתוך הסרט. סך הכול 	
נשמר	
תזמון מהצ׳אט	
התזמון עודכן: 	
נקודת הפיצול חייבת להיות בתוך הכתובית	
פיצול מהצ׳אט	
הכתובית פוצלה ב-	
איחוד מהצ׳אט	
אוחדו 	
לא צוין מה לחפש	
החלפה מהצ׳אט	
לא נמצאו התאמות	
הוחלפו 	
 מופעים ב-	
סידור שורות	
סודרו 	
אין מה למחוק	
למחוק את כל הכתוביות?	
הצ׳אט ביקש למחוק 	
 כתוביות. אפשר לבטל אחר כך ב-Ctrl+Z.	
ניקוי מהצ׳אט	
צריך שתי כתוביות שונות, השנייה אחרי הראשונה	
הזמן השני חייב להיות אחרי הראשון	
המתיחה יוצאת לא הגיונית	
מתיחת תזמון	
התזמון נמתח פי 	
מנגן	
עצר	
מהירות ההשמעה: 	
אין מה לבטל	
הפעולה האחרונה בוטלה	
עבר למצב כהה	
עבר למצב בהיר	
נוצרה כתובית ב-	
המשתמש הדביק טקסט ונוצרו 	
החלון נפתח והמשתמש סגר אותו בלי ליצור כתוביות	
אין סרט פתוח - צריך לפתוח קודם קובץ	
אין פס קול בקובץ הזה, אז אין מה לתמלל	
התמלול הסתיים, יש עכשיו 	
המשתמש סגר את חלון האישור בלי לתמלל	
אין שורות שמחכות לתזמון. קודם צריך טקסט - 	
open_text_import או create_subtitles_from_text עם tap_later=true.	
מצב התזמון התחיל. 	
 שורות מחכות; המשתמש לוחץ על הכפתור הכחול בכל משפט	
כל הכתוביות כבר מתוזמנות. לתזמן מחדש את כולן רק אם המשתמש ביקש - retime_all=true	
תזמון אוטומטי מהצ'אט	
לא נמצא דיבור ברור	
תוזמנו 	
 כתוביות לפי השתיקות בסרט. 	
כדאי שהמשתמש יעבור ויבדוק; Ctrl+Z מבטל	
איתור מעברי הסצנה בוטל או נכשל	
לא נמצאו מעברי סצנה - הסרט מצולם ברצף. לא שונה כלום	
נמצאו 	
 מעברי סצנה, וכל הכתוביות כבר מסודרות ביחס אליהם. לא שונה כלום	
הוצמדו 	
 כתוביות (	
 התחלות, 	
 סופים) ל-	
 מעברי סצנה. הקווים הדקים על הציר מסמנים אותם	

# ---- AutoTime.cs ----
פס הקול עוד לא מוכן.	
אין כתוביות לתזמן.	
לא נמצא דיבור ברור בקטע הזה. אולי הקול שקט מדי, או שהכתוביות מכסות את כל מה שיש.	

# ---- CueList.cs ----
הזזת כתובית	
נגנו את הסרט ועצרו במקום שבו מתחיל הדיבור	
לחצו על הכפתור הכחול שלמטה	
הקלידו את מה שנאמר. ושוב.	
איך כותבים כתוביות	
טקסט	
התחלה	
שניות	
  ·  	
(ריק - לחצו כדי לכתוב)	
(ריק	

# ---- Dlg.cs ----
מתחיל...	
סגירה	
פתיחת התיקייה	
יומן	
הפעולה הושלמה בהצלחה	
הפעולה בוטלה	

# ---- DlgAi.cs ----
נכנסים לדף של גוגל	
הכפתור למטה פותח אותו בדפדפן. צריך חשבון גוגל רגיל.	
לוחצים ״Create API key״	
גוגל מייצרת מחרוזת ארוכה. אין צורך בכרטיס אשראי.	
מעתיקים ומדביקים כאן	
המפתח נשמר מוצפן במחשב שלכם בלבד.	
חיבור ל-AI	
מפתח חינמי מגוגל - שלוש דקות, פעם אחת	
פתיחת הדף של גוגל להפקת מפתח	
לא הצלחתי לפתוח את הדפדפן	
המפתח שקיבלתם	
מדביקים כאן את המפתח	
בדיקת חיבור	
בדיקה מפורטת - מה לא עובד?	
השימוש חינמי במסגרת המכסה של גוגל. הכתוביות נשלחות לשרת של גוגל לצורך התרגום - 	
אל תשתמשו בזה על תוכן רגיש.	
שמירה	
צריך להדביק קודם את המפתח.	
בודק...	
ענה במילה אחת: שלום	
אתה עוזר בתוכנת כתוביות. ענה קצר בעברית.	
החיבור עובד. אפשר לשמור.	
לא התקבלה תשובה.	
שגיאה בבדיקה: 	
מה נמצא	
הפרטים נשמרו גם בקובץ ai-log.txt בתיקיית ההגדרות.	
עברית	
ערבית	
רוסית	
צרפתית	
ספרדית	
יידיש	
גרמנית	
פורטוגזית	
אמהרית	
תרגום הכתוביות	
התזמונים נשארים בדיוק כמו שהם	
לאיזו שפה לתרגם	
מה לעשות עם התוצאה	
להחליף את הכתוביות הקיימות	
לשמור לקובץ חדש בלי לגעת בקיימות	
רקע על התוכן (לא חובה)	
למשל: שיעור בהלכה · הרצאה טכנית · סרטון שיווקי	
יתורגמו 	
תרגמו	
מתרגם...	
השאירו את החלון פתוח	
מתחבר...	
תורגמו 	
 מתוך 	

# ---- DlgChat.cs ----
תרגם את הכתוביות לאנגלית	
תקן חפיפות וכתוביות קצרות מדי	
כל הכתוביות מאחרות בחצי שנייה	
תגדיל את הכתוביות ותשים למעלה	
תכין גרסה שנכנסת ב-200 מגה	
עוזר AI	
שליחה (Enter)	
שיחה חדשה	
הגדרות ה-AI והמפתח	
שלום. אפשר לבקש ממני דברים במילים רגילות - ואני אעשה אותם בתוכנה.	
מבקשים במילים רגילות - והוא מבצע	
עצרתי אחרי כמה שלבים ברצף. אפשר לבקש שוב בצורה ממוקדת יותר.	
אתה העוזר של ״Subtext״ (אולפן הכתוביות), תוכנת עריכת כתוביות בעברית. 	
המשתמש הוא לרוב לא טכני. ענה קצר, בעברית פשוטה, בלי ז׳רגון ובלי מרקדאון.\n	
אתה לא צ׳אט של עצות - אתה מפעיל את התוכנה בפועל. 	
התוכנה יודעת לעשות כמעט הכול, ולכל יכולת יש פונקציה. 	
לפני שאתה אומר ״אני לא יכול״ - עבור על רשימת הפונקציות שברשותך ומצא את המתאימה. 	
אם עדיין נראה שאין - קרא ל-list_media_tools, שם יש עשרות פעולות על קובץ הווידאו.\n	
**איך מתחילים כתוביות מאפס** - זו השאלה הנפוצה ביותר, ויש בדיוק ארבע תשובות:\n	
0. **יש סרט ואין טקסט בכלל - transcribe_media.** התוכנה מקשיבה וכותבת לבד, עם תזמונים. 	
זו התשובה הראשונה שצריך לשקול כשיש סרט פתוח. היא פותחת חלון אישור כי הקול נשלח 	
החוצה, והמשתמש מאשר בעצמו - אל תבטיח לו שזה נשאר במחשב, ואל תנסה שוב אם הוא סגר.\n	
1. הטקסט כבר כתוב אצל המשתמש (תמליל, מסמך) - open_text_import פותח לו את החלון להדביק בו. 	
**אל תבקש ממנו להדביק את הטקסט לצ'אט** - זה מיותר ומעצבן. 	
אחר כך auto_time_by_speech מתזמן את השורות לבד לפי השתיקות בסרט. 	
start_tap_timing (לחיצה בכל משפט) הוא הגיבוי, אם התוצאה לא טובה.\n	
2. המשתמש רוצה לכתוב תוך כדי צפייה - new_subtitle_here יוצר כתובית במקום שבו הסרט עומד, והוא מקליד.\n	
3. הטקסט נמצא אצלך בשיחה (למשל תרגמת אותו) - create_subtitles_from_text, ועדיף עם tap_later=true.\n	
אם לא ברור לך באיזה מצב המשתמש - שאל שאלה אחת קצרה, ואל תסביר את כל הארבע.\n\n	
דוגמאות נוספות למה שכן אפשר:\n	
· לשלוף ערוץ כתוביות שמוטמע בתוך MKV/MP4 - extract_subtitles_from_video\n	
· לתרגם את כל הכתוביות ולהחליף אותן - translate_subtitles\n	
· לתקן תזמון שמחליק לאורך הסרט - stretch_timing; הזזה קבועה - shift_cues\n	
· שכתוביות לא יתחילו רגע אחרי שהתמונה מתחלפת - snap_to_scene_cuts\n	
· ״מה לא בסדר בכתוביות?״ או ״תבדוק שהכול תקין״ - find_problems, ואז fix_timings למה שאפשר לתקן לבד. 	
מה ש-fix_timings לא תיקן (למשל כתובית ארוכה מכדי להיכנס בשתי שורות) - הסבר בקצרה מה צריך לעשות בה ביד\n	
· חיפוש והחלפה, פיצול, איחוד, סידור שורות - replace_text / split_cue / merge_cues / wrap_lines\n	
· ״יש שגיאות כתיב?״ - check_spelling. **לא לתקן לבד:** הצג את המילים החשודות עם ההצעות, ותקן 	
עם fix_spelling רק מה שהמשתמש אישר. מילה שהוא אומר שהיא תקינה (שם, מונח) - add_word_to_dictionary\n	
· לפתוח קובץ, לשמור, לצרוב את הכתוביות בסרט - open_file / save_subtitles / export_video\n	
· לחתוך קטע, לדחוס לגודל יעד, להפוך לריוורס, להוציא פס קול - run_media_tool\n	
כללי עבודה: אל תסביר איך לעשות ידנית - פשוט תעשה. 	
אם יש פונקציה שמתאימה, קרא לה במקום לתאר אותה במילים. 	
תשובה שמסתיימת ב״תגיד לי מה לעשות״ בלי שקראת לשום פונקציה היא כמעט תמיד טעות. 	
אל תמציא נתונים: אם חסר לך מידע, קרא ל-get_state או list_cues. 	
אפשר לשרשר כמה פעולות בתור אחד כדי להשלים בקשה שלמה. 	
פעולות הרסניות מבקשות אישור מהמשתמש בעצמן - אל תשאל אישור פעמיים. 	
פונקציה שפותחת חלון מחזירה ״נפתח״ - זה הצלחה, לא כישלון. 	
אחרי שביצעת, אמור במשפט אחד מה קרה.\n	
מצב נוכחי: 	
·  	
לנסות שוב	

# ---- DlgEdit.cs ----
הזזת תזמון	
מזיזים קבוצת כתוביות קדימה או אחורה	
על אילו כתוביות להחיל?	
כל הכתוביות (	
המסומנות בלבד (	
מהסמן והלאה (	
עד הסמן	
בכמה להזיז?	
שניות (אפשר גם 00:00:01,250)	
להזיז	
מאוחר יותר	
מוקדם יותר	
 כתוביות יזוזו 	
\nלדוגמה: הכתובית הראשונה תעבור מ-	
 ל-	
לא הוזן זמן	
כתבו בכמה שניות להזיז.	
לא נבחרו כתוביות להזזה.	
טקסט לכתוביות	
מדביקים טקסט חופשי - התוכנה מחלקת אותו לכתוביות	
הדביקו כאן את הטקסט. שורה ריקה בין קטעים = כתובית נפרדת.	
טעינה מקובץ	
קבצי טקסט|*.txt;*.text;*.md|כל הקבצים|*.*	
נטען: 	
לא הצלחתי לקרוא	
לתזמן אותן לפי הסרט, בלחיצה על כל משפט	
אחרי היצירה יופיע כפתור גדול: מנגנים, ולוחצים עליו בכל פעם שמשפט מתחיל.	
אין סרט פתוח, אז התזמון יחושב לפי אורך הטקסט בלבד.	
הגדרות מתקדמות	
חלוקה, זיהוי חותמות זמן, קצב קריאה ונקודת התחלה	
אוטומטי	
שורה = כתובית	
פסקה (שורה ריקה) = כתובית	
לזהות חותמות זמן בתחילת שורה (למשל 01:23 שלום)	
שבירת שורות ארוכות אוטומטית	
קצב קריאה (תווים בשנייה) - קובע את משך הכתובית	
משך מינימלי לכתובית (שניות)	
להתחיל מהזמן	
ליצור כתוביות	
אין עדיין טקסט. הדביקו למעלה, או טענו קובץ.	
כל שורה ריקה מפרידה בין כתוביות	
כל שורה היא כתובית	
ייווצרו 	
 כתוביות  ·  	
הראשונה: ״	
אין טקסט	
הדביקו טקסט כדי ליצור כתוביות.	
כתוביות מתוך הסרט	
לא נמצאו ערוצי כתוביות בקובץ הזה	
נמצא ערוץ כתוביות אחד	
 ערוצי כתוביות	
אם הכתוביות ״צרובות״ בתוך התמונה, אי אפשר לחלץ אותן - צריך להקליד מחדש.	
אפשר גם לטעון קובץ כתוביות חיצוני מכפתור ״פתיחת קובץ״.	
איזה ערוץ?	
״פתיחה לעריכה״ מביאה את הכתוביות לתוך התוכנה - אפשר לתרגם, לתקן תזמון ולהטמיע מחדש.	
פתיחה לעריכה	
שמירה כקובץ SRT	
החילוץ לא הצליח	
כתוביות תמונה	
הערוץ הזה מכיל תמונות ולא טקסט (PGS/VobSub). אפשר לשמור אותו כקובץ, אבל אי אפשר לערוך את הטקסט בלי תוכנת זיהוי תווים.	
קובץ כתוביות|*	
הכתוביות נשמרו אל:\n	
לא ניתן לעריכה	
הערוץ מכיל תמונות ולא טקסט, ולכן אי אפשר לפתוח אותו לעריכה. אפשר לשמור אותו כקובץ בלבד.	
ריק	
לא נמצאו כתוביות בערוץ הזה.	
לא הצליח	
עיצוב הכתוביות	
כך ייראו הכתוביות בסרט הסופי	
גופן וגודל	
מודגש	
רקע מלא במקום מתאר	
צבעים	
צבע הטקסט	
צבע המתאר	
עובי המתאר	
מרחק מהקצה	
מיקום	
למטה במרכז	
למטה מימין	
למטה משמאל	
למעלה במרכז	
באמצע המסך	
שמירת העיצוב	
זו דוגמה לכתובית\nבשתי שורות	
חיפוש והחלפה	
מחליף בכל 	
 הכתוביות בבת אחת	
לחפש	
המילה או הביטוי שרוצים להחליף	
להחליף ב־	
אפשר להשאיר ריק כדי למחוק	
מילים שלמות בלבד	
להבחין בין אותיות גדולות לקטנות (באנגלית)	
כתבו למעלה מה לחפש.	
לא נמצאו התאמות.	
 מופעים ב־	
 כתוביות.	
מה לחפש?	
כתבו מה רוצים להחליף.	
לא נמצא	
הביטוי הזה לא מופיע באף כתובית.	

# ---- DlgExport.cs ----
הטמעת הכתוביות בסרט	
 כתוביות · 	
איך להטמיע?	
צריבה בתמונה	
הכתוביות הופכות לחלק מהפיקסלים · עובד בכל נגן ובכל טלפון	
ערוץ כתוביות נפרד	
אפשר לכבות/להחליף בנגן · הקידוד נשמר, מהיר מאוד	
קובץ היעד	
נתיב קובץ היעד	
וידאו MP4|*.mp4|Matroska MKV|*.mkv|כל הקבצים|*.*	
איכות	
איכות מקסימלית - מומלץ	
מאוזן (קובץ קטן יותר)	
הכי קטן (איכות סבירה)	
לא מוגדר	
רק הקטע המסומן על הציר (	
לשמור גם ערוצי כתוביות שכבר קיימים בקובץ	
לסמן כערוץ ברירת המחדל	
התחלת ההטמעה	
 - עם כתוביות צרובות	
 - עם כתוביות	
שפת הכתוביות	
הווידאו יקודד מחדש באיכות מקסימלית - לוקח זמן, והתוצאה עובדת בכל מקום כולל וואטסאפ ויוטיוב.	
הווידאו יקודד מחדש - זה לוקח זמן (בערך כאורך הסרט), אבל התוצאה עובדת בכל מקום.	
מהיר מאוד (שניות): הקובץ נשאר באותה איכות והכתוביות נוספות כערוץ. שימו לב שלא כל נגן מציג ערוץ כתוביות.	
אין מה להטמיע - הרשימה ריקה.	
חסר קובץ יעד	
בחרו לאן לשמור את הקובץ.	
אותו קובץ	
אי אפשר לכתוב על קובץ המקור. בחרו שם אחר.	
הקובץ קיים	
כבר קיים קובץ בשם הזה. להחליף אותו?	
המנוע במחשב לא תומך בצריבה	
התוכנה משתמשת כרגע במנוע ffmpeg שמותקן במחשב, והוא נבנה בלי התמיכה	
בכתוביות ובעברית - הצריבה תצא הפוכה או ריקה.	
אפשר לבחור "ערוץ כתוביות נפרד" במקום, או לפתוח את התוכנה מחדש	
כדי שתפרוס את המנוע שלה (״על התוכנה״ מראה איזה מנוע פעיל).	
צורב כתוביות בווידאו	
מוסיף ערוץ כתוביות	
חיתוך הסרט	
מ־	
 עד 	
  ·  אורך הקטע 	
מה לעשות עם הקטע המסומן?	
לשמור רק את הקטע הזה	
כל השאר נמחק · הסרט החדש יתחיל מ־	
להסיר את הקטע הזה	
מה שלפניו ומה שאחריו יתחברו יחד	
וידאו|*.mp4;*.mkv|כל הקבצים|*.*	
חיתוך מהיר בלי קידוד מחדש (מדויק פחות בכמה עשיריות שנייה)	
לעדכן גם את הכתוביות שבפרויקט לפי החיתוך	
לחתוך	
 - קטע	
 - חתוך	
שימו לב: בחיתוך מהיר הקטע יתחיל ב־	
 במקום 	
 (הפרש של 	
 שניות), כי אי אפשר לחתוך באמצע בלי לקודד מחדש.\nלדיוק מלא - כבו את החיתוך המהיר.	
החיתוך המהיר מעתיק את הזרם כמו שהוא - שניות בודדות, בלי איבוד איכות ובדיוק טוב בקובץ הזה.	
קידוד מחדש: מדויק בדיוק לנקודה שסימנתם, אבל לוקח זמן בהתאם לאורך הסרט.	
בחרו לאן לשמור.	
להחליף את הקובץ הקיים?	
חותך את הקטע	
מסיר את הקטע	
חיתוך	

# ---- DlgFind.cs ----
חיפוש בכתוביות	
‏Enter מוצא את הבא, ‏Shift+Enter את הקודם.	
הקודם	
הבא	
צריך להקליד מה לחפש.	
נמצא - הכתובית מסומנת מאחורי החלון.	
לא נמצא ״	
״ בשום כתובית.	

# ---- DlgHelp.cs ----
פותחים סרט	Open a video
כפתור ״פתיחה״, או פשוט גוררים קובץ לחלון	
עוצרים איפה שהדיבור מתחיל	
מקש הרווח מנגן ועוצר. אפשר להאט את ההשמעה כדי לדייק	
לוחצים ״כתובית חדשה כאן״ וכותבים	
הכפתור הכחול הגדול. ואז שוב, ושוב	
יוצרים את הסרט	
הכפתור הירוק - הסרט המקורי שלכם לא משתנה	
רווח	
ניגון ועצירה	
קפיצה של שתי שניות	
אותו דבר, גם באמצע כתיבה	
Ctrl+רווח	
ניגון ועצירה באמצע כתיבה	
מהירות ההשמעה	
כתובית חדשה כאן	
בתזמון בלחיצה: כאן מתחיל	
קליק ימני ברשימה	
תיקון איות, חלוקה, איחוד	
התחלה / סיום כאן	
לכתובית הבאה	
מחיקת המסומנות	
סימון קטע לחיתוך	
Ctrl+גלגלת	
זום בציר הזמן	
גרירה על הציר	
יצירת כתובית חדשה	
פרויקט חדש	
פתיחת קובץ	
שמירת הכתוביות	
ביטול פעולה	
העוזר החכם	
יצירת הסרט עם הכתוביות	
איך עובדים כאן	
ארבעה שלבים, וכל הקיצורים במקום אחד	
קיצורים ופעולות מהירות	

# ---- DlgSettings.cs ----
הגדרות	
נשמר מיד, ונזכר בפעם הבאה	
מראה	
מצב כהה	
שירותים באינטרנט	
המפתח של גוגל	
המפתח של 	
בדיקת איות	
לסמן מילים שאולי כתובות לא נכון	
להוריד את המילון (	
, פעם אחת)	
עדכונים	
לבדוק עדכונים בכל הפעלה	
בדיקת עדכונים עכשיו	
הבדיקה לא שולחת שום מידע - רק שואלת אם יש גרסה חדשה	
נבדק לאחרונה: 	
 · לא נשלח שום מידע	
אחסון	
מחיקת המנוע	
מחיקת המילון	
איפוס הגדרות	
למחוק את המילון?	
בדיקת האיות תפסיק לעבוד עד שהמילון יורד שוב (	
המילים שהוספתם למילון האישי נשמרות.	
למחוק	
לא נמחק	
מוגדר · הדגם שבשימוש: 	
לא מוגדר · בלעדיו אין תרגום ואין עוזר	
לא מוגדר · נותן עד 8 שעות תמלול ביום, בחינם	
מוגדר · עד 8 שעות תמלול ביום	
המילון עוד לא הורד. הוא חינמי, ואחרי ההורדה הבדיקה עובדת בלי אינטרנט.	
המילון מוכן. הוא מכיר גם ארמית, ראשי תיבות ומספרים באותיות.	
המילון מותקן, והבדיקה כבויה.	
מילון האיות · 	
מנוע הווידאו · ייפרס בהפעלה הבאה	
מנוע הווידאו · מותקן במחשב: 	
מנוע הווידאו · 	
להחזיר את ההגדרות לברירת המחדל?	
הערכה, עוצמת הקול, מהירות ההשמעה, עיצוב הכתוביות ורשימת הקבצים 	
האחרונים יחזרו למצב ההתחלתי. הכתוביות הפתוחות, המפתחות והמילון לא ייגעו.	
להחזיר	
ההגדרות אופסו	
הכול חזר לברירת המחדל.	
אישור	

# ---- DlgSpell.cs ----
מסמנת מילים שאולי כתובות לא נכון	
מה צריך	
בשביל זה צריך מילון עברי. הוא חינמי, שוקל 	
, ויורד פעם אחת. אחרי זה הבדיקה עובדת בלי אינטרנט.	
איך זה עובד	
מילה חשודה מסומנת ברשימת הכתוביות. קליק ימני על השורה מציע תיקון, או להוסיף את המילה למילון.	
המילון מכיר גם ארמית של הגמרא, ראשי תיבות, שמות חכמים ומספרים באותיות.	
להוריד את המילון	
מוריד…	
מוריד… 	
ההורדה לא הצליחה.	

# ---- DlgSync.cs ----
סנכרון לפי הסרט	
כדי לסנכרן צריך לבחור כתובית אחת	
1. בחרו ברשימה כתובית שאתם מזהים בסרט.	
2. נגנו את הסרט ועצרו בדיוק ברגע שהמשפט נשמע.	
3. פתחו שוב את החלון הזה - אני אחשב את ההפרש ואציע לתקן.	
הבנתי	
משווים בין הכתובית שבחרתם למקום שבו הסרט נמצא עכשיו	
מה לעשות?	
להזיז את כל הכתוביות	
 · מתאים כשכל הקובץ מוסט באותה מידה	
רק מהכתובית הזאת והלאה	
כשהתקלה מתחילה באמצע הסרט	
רק את הכתובית הזאת	
תיקון נקודתי	
הפער גדל לאורך הסרט?	
נקודה ראשונה שמורה:  	
עכשיו לחצו ״מתיחה״ ואתקן את כל הסרט לפי שתי הנקודות.	
לפעמים הכתוביות מדויקות בהתחלה ובורחות בהמשך.	
שמרו נקודה כאן, עברו לכתובית בסוף הסרט, וחזרו לחלון הזה.	
החלפת הנקודה הראשונה בנוכחית	
שמירת הנקודה הזאת כנקודה ראשונה	
הנקודה נשמרה	
עכשיו נגנו עד כתובית אחרת בסוף הסרט, עצרו במקום הנכון, ופתחו שוב את החלון.	
מתיחה לפי שתי הנקודות	
המרת קצב פריימים (למי שיודע מה זה)	
הכתובית כבר בדיוק במקום	
הזזה של 	
 שניות 	
אין מה לתקן	
הכתובית כבר מתחילה בדיוק במקום שבו הסרט נמצא.	
סנכרון	
הנקודות קרובות מדי	
בחרו כתובית רחוקה יותר מהנקודה הראשונה.	
   ·   	
אין הפרש	
הכתובית מדויקת	
הכתובית מופיעה מוקדם מדי	
הכתובית מופיעה מאוחר מדי	
הכתובית	
הסרט	
המרת קצב פריימים	
כשהכתוביות נעשו לגרסה בקצב אחר	
הכתוביות נעשו בקצב	
הסרט שלכם בקצב	
אם אתם לא בטוחים - עדיף להשתמש בסנכרון לפי הסרט.	
להמיר	
אותו קצב	
בחרו שני קצבים שונים.	
המרת קצב	

# ---- DlgTools.cs ----
כל הקבצים|*.*	
 - חדש	
הקובץ כבר קטן מהגודל הזה (	
). כדי להקטין אותו באמת - לבחור גודל קטן יותר.	
הגודל הזה קטן מדי לסרט באורך 	
 - התוצאה תהיה מטושטשת מאוד. כדאי לבחור גודל גדול יותר או לחתוך קטע.	
איכות מתוכננת: 	
 מגהביט לשנייה	
 + קול 	
  ·  הרזולוציה תרד ל-	
p כדי לשמור על תמונה חדה	
  ·  הרזולוציה נשארת 	
קול	
שינוי עוצמת השמע	
להגביר סרט חלש או להנמיך סרט צורם - בלי לפגוע בווידאו	
כמה להגביר? (מינוס = להנמיך)	
 - עוצמה	
איזון עוצמה אוטומטי	
מיישר את ההבדלים בין קטעים חלשים לחזקים (נרמול שידור)	
 - מאוזן	
חילוץ הפסקול לקובץ אודיו	
שומר את הקול בלבד - נוח לתמלול או להאזנה	
MP3 באיכות מרבית (נפוץ)	
WAV - ללא דחיסה כלל	
M4A (AAC) באיכות מרבית	
סוג הקובץ	
 - אודיו	
הסרת הקול מהסרט	
משאיר את הווידאו בלי פסקול, בלי לקודד מחדש	
 - בלי קול	
החלפת הפסקול	
מדביק קובץ קול אחר (הקלטה, מוזיקה, דיבוב) על הווידאו	
קובץ הקול החדש	
קבצי אודיו|*.mp3;*.wav;*.m4a;*.aac;*.flac;*.ogg|כל הקבצים|*.*	
 - פסקול חדש	
וידאו	
המרת פורמט	
MP4 לתאימות מרבית, או MKV מהיר בלי קידוד מחדש	
MP4 - תאימות מרבית, איכות מקסימלית	
MKV - מהיר, בלי קידוד מחדש כלל	
MP4 מהיר - העתקת זרם בלי קידוד	
פורמט היעד	
 - מומר	
שינוי רזולוציה	
מקטין את התמונה - באיכות הכי גבוהה שאפשר ברזולוציה שנבחרה	
גובה התמונה	
 - מוקטן	
דחיסה - הקטנת נפח הקובץ	
ערך גבוה = קובץ קטן יותר ואיכות נמוכה יותר	
רמת דחיסה	
 - דחוס	
שינוי מהירות	
להאיץ הרצאה או להאט קטע מהיר (הקול נשאר תקין)	
×	
מהירות	
 - מהירות	
סיבוב הווידאו	
לתיקון סרטון שצולם בטלפון והתהפך	
90° עם כיוון השעון	
90° נגד כיוון השעון	
180°	
היפוך מראה	
כיוון	
 - מסובב	
לשיתוף	
שמירת התמונה שעל המסך	
לוכד את הפריים שבו נמצא הסמן כרגע כקובץ תמונה	
 - תמונה	
דהייה בהתחלה ובסוף	
פתיחה וסגירה רכות מתוך שחור - נראה הרבה יותר מקצועי	
 שנ׳	
אורך הדהייה	
 - עם דהייה	
הכנה לשליחה בוואטסאפ	
מקטין ל-720p בתאימות מלאה לטלפונים - קובץ קטן שנפתח בכל מקום	
 - לוואטסאפ	
בחירת ערוץ שמע	
לסרטים עם כמה שפות - משאיר רק את הערוץ שבחרתם	
איזה ערוץ שמע להשאיר	
 - ערוץ נבחר	
 · 	
 · מונו	
 · סטריאו	
ערוץ 	
אין ערוצי שמע בקובץ	
חיבור שני סרטים	
מדביק סרט נוסף בסוף הסרט הנוכחי	
הסרט שיתחבר בסוף	
קובצי וידאו|*.mp4;*.mkv;*.avi;*.mov;*.webm;*.m4v|כל הקבצים|*.*	
 - מחובר	
ניקוי רעש רקע מהקול	
מוריד רחש קבוע מהקלטות - שימושי בהקלטות מהטלפון	
עוצמת הניקוי	
 - נקי	
היפוך לאחור (ריוורס)	
מריץ את הסרט מהסוף להתחלה	
מה להפוך	
את התמונה ואת הקול	
רק את התמונה (הקול נשאר רגיל)	
רק את הקול	
 - הפוך	
ההיפוך טוען את כל הקטע לזיכרון, אז עדיף על קטעים קצרים.	
שימו לב: קטע של 	
 ידרוש הרבה זיכרון. כדאי לסמן קטע על הציר ולהפוך רק אותו.	
התאמה לגודל קובץ מבוקש	
"שייכנס ל-200MB" - התוכנה מחשבת את האיכות הכי טובה שנכנסת בגודל הזה	
לאיזה גודל להגיע	
מעבר ראשון - ניתוח	
מעבר שני - קידוד	
יצירת GIF מהקטע המסומן	
ממיר את הטווח שסימנתם על הציר לאנימציה קצרה	
כלים לסרט ולקול	
לא זמין - אין ערוץ וידאו בקובץ	
יעבוד על הטווח המסומן: 	
לא סומן טווח על הציר - הפעולה תרוץ על כל הקובץ.	
בחרו קובץ	
הפעלה	
חסר קובץ	
בחרו את הקובץ הנדרש לפעולה.	
אי אפשר לכתוב על קובץ המקור.	

# ---- DlgTranscribe.cs ----
תמלול אוטומטי	
התוכנה מקשיבה לסרט וכותבת את הכתוביות	
איפה לתמלל	
גוגל	
המפתח שכבר יש לכם · מכסה קטנה	
עד 8 שעות ביום · מפתח חינמי נפרד	
לפני שמתחילים	
זו הפעולה היחידה בתוכנה ששולחת את התוכן עצמו החוצה. אם ההקלטה רגישה, 	
עדיף לתמלל ידנית - זה עובד בלי אינטרנט.	
התוצאה נכנסת לעורך כמו כל כתובית, וכדאי לעבור עליה ולתקן.	
הקובץ	
למחוק את הכתוביות הקיימות ולהתחיל מחדש	
אם לא - הכתוביות החדשות יתווספו לקיימות.	
למשל: שיעור בגמרא · הרצאה רפואית · ראיון	
עוזר לזהות שמות ומונחים נכון.	
להתחיל בתמלול	
החלפת המפתח של 	
חיבור ל	
 - מפתח חינמי, פעם אחת	
הקול מהסרט יישלח ל	
אורך: 	
לוקח בערך דקה. 	
לוקח בערך 	
 דקות. 	
אפשר לעצור באמצע, ומה שכבר תומלל יישמר.	
אין סרט	
צריך לפתוח קודם סרט או קובץ קול.	
נכנסים לאתר של Groq	
הכפתור למטה פותח אותו. אפשר להירשם עם חשבון גוגל.	
לוחצים ״Create API Key״	
מקבלים מחרוזת ארוכה שמתחילה ב-gsk_. בלי כרטיס אשראי.	
חיבור ל-Groq	
תמלול של עד 8 שעות הקלטה ביום, בחינם	
פתיחת האתר של Groq	
הקול נשלח לשרתים של Groq לצורך התמלול בלבד. אל תשתמשו בזה על הקלטות רגישות.	
מתמלל...	
מתחיל…	
אפשר לעצור בכל רגע - מה שכבר תומלל יישאר.	
עצירה	
עוצר…	

# ---- DlgUpdate.cs ----
יש גרסה חדשה: 	
הגרסה שלכם היא 	
אפשר לעדכן עכשיו - זה לוקח כמה שניות, והתוכנה 	
תיסגר ותיפתח מחדש לבד.	
לעדכן עכשיו	
אחר כך	
היומן המלא	
ובנוסף	
אין פרטים על השחרור הזה.	

# ---- ErrorText.cs ----
מנוע הווידאו לא הצליח לעבד את הקובץ. הפרטים המלאים ביומן.	
מנוע הווידאו לא הצליח לעבד את הקובץ.	
אין מספיק מקום בכונן. פנו מקום, או שמרו לכונן אחר.	
הכונן לא מקבל קובץ גדול כל כך. בהרבה דיסק-און-קי המגבלה היא 	
. שמרו לכונן אחר.	
אין מספיק זיכרון פנוי. סגרו תוכנות אחרות ונסו שוב.	
קובץ הכתוביות הזמני לא נפתח. נסו שוב, ואם זה חוזר - הפעילו את התוכנה מחדש.	
מנוע הווידאו שבשימוש חסר רכיב שהפעולה צריכה	
אם הונח ליד התוכנה קובץ 	
 אחר - הסירו אותו, ולתוכנה יש מנוע משלה.	
בקובץ אין את מה שהפעולה צריכה - למשל אין בו פס קול, או שאין בו כתוביות.	
הקובץ לא נמצא. אולי הוא הועבר, נמחק, או שהכונן נותק.	
אין הרשאה לקרוא את הקובץ. אולי הוא פתוח בתוכנה אחרת.	
הקובץ פגום או לא שלם. אם ההקלטה נקטעה או שההורדה לא הסתיימה - נסו להשיג אותו שוב.	
הקובץ פגום, או שזה לא קובץ וידאו או קול.	
אי אפשר לשמור שם. אולי קובץ בשם הזה פתוח בתוכנה אחרת (למשל בנגן), או שהתיקייה מוגנת. 	
סגרו אותו, או בחרו מקום אחר.	
התיקייה שנבחרה לשמירה לא קיימת. אולי הכונן נותק.	
סוג הקובץ שנבחר לא מתאים לתוכן הזה. נסו לשמור כ-	
 או כ-	
מנוע הווידאו לא נמצא. הפעילו את התוכנה מחדש, והיא תכין אותו שוב.	
הפעולה לא הצליחה.	
אין הרשאה לכתוב לשם. אולי הקובץ מסומן לקריאה בלבד, או שהתיקייה מוגנת. 	
נסו לשמור במסמכים או בשולחן העבודה.	
הנתיב ארוך מדי. שמרו בתיקייה עם נתיב קצר יותר, למשל בשולחן העבודה.	
התיקייה לא קיימת. אולי היא נמחקה, או שהכונן נותק.	
הקובץ לא נמצא. אולי הוא הועבר או נמחק.	
הכונן לא נמצא. אולי הוא נותק.	
הקובץ פתוח בתוכנה אחרת. סגרו אותה ונסו שוב.	
הכונן לא מוכן. אולי הדיסק-און-קי נותק.	
כונן הרשת לא זמין כרגע.	
הכונן מוגן מפני כתיבה.	
הקובץ לא נמצא. אולי הוא נמחק, או שתוכנת אבטחה העבירה אותו להסגר.	
אין הרשאה להפעיל את הקובץ. ייתכן שתוכנת אבטחה חוסמת אותו.	
תוכנת האבטחה חסמה את הקובץ.	
ההפעלה בוטלה.	
נראה שסינון האינטרנט חסם את ההורדה. אפשר לבקש מהסינון לאשר את האתר 	
, ולנסות שוב.	
השרת לא זמין כרגע (	
). אפשר לנסות שוב בעוד כמה דקות.	
החיבור המאובטח נחסם. ייתכן שסינון האינטרנט חוסם את האתר.	
החיבור איטי מדי, וההורדה לא הסתיימה. אפשר לנסות שוב.	
החיבור נותק באמצע. אפשר לנסות שוב.	
אין חיבור לאינטרנט, או שהאתר חסום ברשת הזאת.	

# ---- Ff.cs ----
אודיו	
כתוביות	
 ערוצים	
 · ברירת מחדל	
מעבד...	
שלב 	
בוטל	
   (מהירות ×	

# ---- Formats.cs ----
Windows-1255 (עברית)	
; נוצר ב-Subtext\n	
מספר הבלוקים בקובץ (	
) שונה ממספר הכתוביות (	
). הותאם לפי הסדר.	
עודכנו 	

# ---- Hero.cs ----
גרירה לחלון או ״עיון בקבצים״	Drag it in, or click Browse
כותבים כתוביות	Write the subtitles
או טוענים קובץ כתוביות קיים	Or load a subtitle file you already have
שומרים סרט חדש	Save a new video
עם הכתוביות בפנים, מוכן לשליחה	Subtitles inside, ready to send
עיון בקבצים	Browse
קובץ כתוביות	Subtitle file
איך עובדים כאן - מדריך קצר וקיצורי מקלדת (F1)	How this works - a short guide and the shortcuts (F1)
מעבר למצב בהיר	Switch to light mode
מעבר למצב כהה	Switch to dark mode
על התוכנה, מנוע הווידאו ועדכונים	About, video engine and updates
אולפן הכתוביות · ליצור, לתקן ולהטמיע כתוביות בעברית	Create, fix and embed subtitles in any video
גררו לכאן סרט או קובץ כתוביות	Drop a video or a subtitle file here
MP4 · MKV · AVI · MOV · MP3 · SRT · ASS · VTT	
נפתחו לאחרונה	Recent files
· 	
· הקובץ לא נמצא	· file not found

# ---- Installer\Common.cs ----
 - פרויקט	
התיקייה כבר לא קיימת.	
התוכנה עדיין פתוחה, ולכן חלק מהקבצים לא נמחקו.	
לסגור אותה ולהריץ את ההסרה שוב.	
נשארו בתיקייה קבצים שלא שייכים לתוכנה, אז היא לא נמחקה.	
התיקייה לא נמחקה: 	

# ---- Installer\Setup.cs ----
ההתקנה נכשלה:\n\n	
ממתין לסגירת התוכנה…	
מכין את התיקייה…	
הקובץ המוטמע חסר - קובץ ההתקנה פגום.	
מתקין…	
אולפן הכתוביות.lnk	
יוצר קיצורי דרך…	
רושם את התוכנה…	
ההתקנה הסתיימה.	
מעתיק את התוכנה…	
התוכנה עדיין פתוחה - נא לסגור אותה…	
לא הצלחתי לכתוב את 	
אם התוכנה פתוחה - לסגור אותה ולהריץ שוב.	

# ---- Installer\SetupForm.cs ----
התקנה · 	
עיון…	
ליצור קיצור בשולחן העבודה	
להפעיל את התוכנה עכשיו	
התקנה	
ההתקנה הסתיימה	
התקנה · גרסה 	
לאן להתקין את התוכנה?	
ההתקנה היא למשתמש הנוכחי בלבד - בלי הרשאות מנהל.\n	
התוכנה תופיע בתפריט התחל וברשימת התוכנות של ווינדוס.	
Subtext מוכן לשימוש	
התוכנה הותקנה אל:	
לאן להתקין את Subtext?	
לא הצלחתי להפעיל את התוכנה:\n	
צריך לבחור תיקייה.	
הנתיב לא תקין: 	
בתיקייה הזאת כבר יש קבצים:	
עדיף להתקין לתיקייה משלה, כדי שהסרה בעתיד לא תיגע בשום דבר אחר:	
להתקין לתיקייה משלה?	
ההתקנה נכשלה.	
סיום	
לא הצלחתי ליצור קיצור בתפריט התחל. אפשר להפעיל את הקובץ מהתיקייה.	
לא הצלחתי ליצור קיצור בשולחן העבודה.	

# ---- Installer\UninstallUi.cs ----
הסרה · 	
למחוק גם את מנוע הווידאו ואת המילון (	
למחוק גם את מנוע הווידאו ואת המילון	
להסיר	
ההסרה הסתיימה	
הסרת התוכנה	
להסיר את Subtext מהמחשב?	
יימחקו התוכנה, הקיצורים והרישום בווינדוס.\n	
ההגדרות שלכם וקבצי הכתוביות שיצרתם יישארו במקומם.	
מסיר…	
התוכנה הוסרה מהמחשב.	
ההגדרות נשמרו - התקנה מחדש תמצא אותן.	

# ---- MainForm.cs ----
לא נמצא FFmpeg	
הקובץ ffmpeg.exe צריך לשבת בתיקייה tools שליד התוכנה.\nבלעדיו אי אפשר לפתוח סרטים.	
לשמור את השינויים בפרויקט לפני היציאה?	
יש 	
 שורות שעוד לא תוזמנו. כדי שאפשר יהיה להמשיך 	
לתזמן אותן אחר כך, העבודה תישמר כפרויקט.	
לשמור את קובץ הכתוביות לפני היציאה?	
יש שינויים שלא נשמרו	
לשמור כפרויקט	
לשמור	
לצאת בלי לשמור	
פתיחה	
פתיחת סרט, קובץ קול או קובץ כתוביות (Ctrl+O)	
אפשר גם פשוט לגרור קובץ לחלון	
שמירת קובץ הכתוביות למחשב (Ctrl+S)	
תזמון, סנכרון, תרגום ועיצוב הכתוביות	
חיתוך קטע, המרה, עוצמת שמע ופרטי הקובץ	
ביטול הפעולה האחרונה (Ctrl+Z)	
ביצוע מחדש (Ctrl+Y)	
עוזר AI - לבקש פעולות במילים רגילות (Ctrl+K)	
מעבר בין מצב כהה לבהיר	
הגדרות התוכנה (Ctrl+,)	
על התוכנה, הגרסה והרישיון	
יצירת סרט עם כתוביות	
יוצר קובץ וידאו חדש עם הכתוביות. הסרט המקורי לא משתנה. (F5)	
קובץ	
סוגר את הסרט והכתוביות וחוזר למסך הפתיחה (Ctrl+N)	
שמירת הפרויקט	
הסרט, הכתוביות והעיצוב בקובץ אחד - כדי להמשיך אחר כך	
לקפוץ לכתובית שמכילה מילה (Ctrl+F)	
מחיקת כל הכתוביות	
מרוקן את הרשימה; הסרט נשאר פתוח	
הבאת כתוביות	
תמלול אוטומטי של הסרט	
התוכנה מקשיבה וכותבת לבד · הקול נשלח לתמלול באינטרנט	
יצירת כתוביות מטקסט	
מדביקים טקסט - התוכנה מחלקת ומתזמנת לבד	
שליפת כתוביות מהסרט	
מוציא ערוץ כתוביות שכבר קיים בקובץ	
תזמון	
כשהכתוביות מקדימות או מאחרות באופן קבוע	
בוחרים כתובית, עוצרים איפה שהיא נשמעת - ואני מתקן	
תזמון אוטומטי לפי הדיבור	
מחלק את הטקסט לפי השתיקות בסרט · בלי אינטרנט	
הצמדה למעברי סצנה	
כתובית לא תתחיל רגע אחרי שהתמונה מתחלפת · בלי אינטרנט	
טקסט ותרגום	
תרגום אוטומטי עם AI	
בוחרים שפה והכתוביות מתורגמות במקום - התזמונים נשמרים	
ייצוא הטקסט לתרגום	
יוצר קובץ טקסט ממוספר, בלי לגעת בתזמונים	
החזרת טקסט מתורגם	
מחזיר את התרגום בדיוק לאותם תזמונים	
להחליף מילה בכל הכתוביות בבת אחת	
גופן, גודל, צבע ומיקום על המסך	
עריכה	
חיתוך קטע מהסרט	
שומר או מסיר את הקטע שסימנתם על הציר	
המרה ועיבוד	
הקטנה לגודל מבוקש	
למשל ״שייכנס ל-200MB לוואטסאפ/גוגל ׳אט״ - באיכות הכי טובה שנכנסת	
עוצמת שמע, המרה, דחיסה לגודל, חילוץ אודיו ועוד	
מידע	
פרטי הקובץ	
ערוצים, רזולוציה, אורך וגודל	
הכתוביות שלי	
מה כדאי לתקן בכתוביות, ותיקון אוטומטי	
הכתובית הוזזה ל-	
.  לביטול - Ctrl+Z.	
תצוגה מקדימה	
לא נפתח סרט	
ניגון / עצירה (מקש הרווח)	
אחורה שתי שניות (חץ שמאלה, או Ctrl+חץ תוך כדי כתיבה)	
לכתובית הקודמת	
לכתובית הבאה (Tab)	
קדימה שתי שניות (חץ ימינה, או Ctrl+חץ תוך כדי כתיבה)	
עוצמת ההשמעה בתוכנה (לא משנה את הקובץ)	
מהירות השמעה. האטה עוזרת לתפוס בדיוק את הרגע שבו מתחיל הדיבור	
לא משנה את הקובץ, רק את ההשמעה כאן	
איטי יותר - נוח לתזמון מדויק	
מהיר יותר - למעבר מהיר על החומר	
המהירות הרגילה	
מהירות השמעה: 	
לתזמן לבד	
התוכנה תזהה את השתיקות בסרט ותחלק לפיהן את השורות.	
בלי אינטרנט. אפשר לבטל ב-Ctrl+Z.	
כאן נגמר	
סוגר את הכתובית הנוכחית כאן, בלי להתחיל את הבאה.	
שימושי כשיש שקט בין משפטים. (מקש Backspace)	
יוצר כתובית במקום שבו הסרט עומד, עוצר, ושם את הסמן במקום לכתיבה (Ctrl+N)	
הטקסט שיופיע על המסך	
בחרו כתובית, או צרו חדשה	
עריכת טקסט	
הזמן שבו הכתובית מופיעה. אפשר גם לגרור את הבלוק על הציר.	
מקדים את ההתחלה בעשירית שנייה	
מאחר את ההתחלה בעשירית שנייה	
עד	
הזמן שבו הכתובית נעלמת.	
מקדים את הסיום בעשירית שנייה	
מאחר את הסיום בעשירית שנייה	
מוחק את הכתוביות המסומנות (Delete)	
הקודמת	
מעבר לכתובית שלפני זו (Shift+Tab)	
הבאה	
מעבר לכתובית שאחרי זו (Tab)	
עוד	
חלוקה לשתיים, חיבור כתוביות	
מהסרט	
לוקח את הזמן שבו הסרט עומד עכשיו כזמן ההופעה (מקש Q)	
לוקח את הזמן שבו הסרט עומד עכשיו כזמן ההיעלמות (מקש W)	
כוונון תזמון	
לפתוח פרויקט חדש?	
הכתוביות שלא נשמרו יאבדו. הסרט ייסגר והתוכנה תחזור למסך הפתיחה.	
הרשימה כבר ריקה.	
יימחקו 	
 כתוביות. הסרט יישאר פתוח, ואפשר לבטל ב-Ctrl+Z.	
למחוק הכול	
להמשיך	
קודם פותחים או יוצרים כתוביות.	
אין מה לתרגם	
צריך קודם לטעון או לכתוב כתוביות.	
התרגום לא הושלם	
תרגום אוטומטי	
. לביטול - Ctrl+Z.	
כתוביות - 	
נשמר: 	
לא נשמר	
להחליף ב״	
אין הצעות	
אפשר לתקן ביד בתיבת הטקסט	
להוסיף למילון	
המילה תיחשב נכונה מעכשיו, בכל הכתוביות	
לחלק לשתי כתוביות	
מחלק במקום שבו נמצא הסמן	
לחבר כתוביות לאחת	
מאחד את המסומנות	
מוחק את המסומנות (Delete)	
מסמנת מילים שאולי כתובות לא נכון · מילון חינמי, פעם אחת	
כבויה · לחיצה מדליקה אותה	
המילון נטען…	
כתובית אחת עם מילה חשודה	
 כתוביות עם מילים חשודות	
 · לחיצה קופצת	
בדיקת האיות דלוקה. עוד רגע המילים החשודות יסומנו ברשימה.	
המילון עוד נטען. עוד רגע המילים החשודות יסומנו ברשימה.	
אין עדיין כתוביות לבדוק.	
לא נמצאו מילים שאולי כתובות לא נכון.	
״.  לביטול - Ctrl+Z.	
״ נוספה למילון, ולא תסומן יותר.	
בדיקת האיות כבויה. אפשר להדליק אותה שוב: ״כתוביות ← בדיקת איות״.	
מחלק את הכתובית במקום שבו נמצא הסמן	
מאחד את הכתוביות המסומנות	
תחילת קטע	
מסמן כאן את תחילת הקטע לחיתוך (I)	
אחר כך: ״הסרט ← חיתוך קטע״	
סוף קטע	
מסמן כאן את סוף הקטע לחיתוך (O)	
ניקוי הסימון שעל הציר	
התקרבות לציר (או Ctrl+גלגלת)	
התרחקות - להראות יותר מהסרט	
ציר הזמן  ·  קטע מסומן 	
ציר הזמן	
יצירת הסרט	
הכתוביות שלי  ·  	
מתחילים כאן: לחצו ״פתיחת קובץ״, או פשוט גררו קובץ לתוך החלון.	
עצרו את הסרט איפה שהדיבור מתחיל, ולחצו על הכפתור הכחול ״כתובית חדשה כאן״.	
קטע מסומן: 	
   ·   ״הסרט ← חיתוך קטע״ כדי לחתוך אותו.	
טיפ: גררו בלוק על הציר כדי להזיז אותו, משכו את הקצה כדי להאריך, ולחצו עליו פעמיים כדי לערוך.	
כתבו כאן מה נאמר בקטע הזה	
משך 	
מהיר מדי לקריאה	
קצת מהיר	
קצב קריאה טוב	
כתובית חדשה	
כתובית חדשה ב-	
.  כתבו את הטקסט.	
כתבו את מה שנאמר.  Ctrl+רווח ממשיך את הסרט, Ctrl+חצים קופץ שתי שניות.	
לתזמן מחדש את כל הכתוביות?	
כל הכתוביות כבר מתוזמנות. אם תמשיכו, הזמנים שלהן יחושבו מחדש לפי 	
השתיקות בסרט. אפשר לבטל ב-Ctrl+Z.	
לתזמן מחדש	
לא תוזמן כלום	
לא נמצא דיבור ברור.	
הזמנים נקבעו לפי השתיקות בסרט. כדאי לעבור ולבדוק - אם הטקסט לא 	
תואם בדיוק את מה שנאמר, כתובית יכולה לזוז משפט אחד.	
אפשר לבטל ב-Ctrl+Z.	
צריך סרט פתוח	
התזמון נעשה לפי הדיבור שבסרט. פתחו קודם את הסרט.	
אין פס קול	
בסרט הזה אין קול, ולכן אין לפי מה לתזמן.	
רק רגע	
פס הקול עוד נבנה. אפשר לנסות שוב בעוד כמה שניות.	
לא הצלחתי לקרוא את הקול	
פס הקול של הסרט לא נקרא, ולכן אין לפי מה לתזמן.	
קודם צריך טקסט. ״כתוביות ← יצירת כתוביות מטקסט״.	
לא נמצאו מעברי סצנה	
נראה שהסרט מצולם ברצף אחד, בלי חיתוכים - אין למה להצמיד.	
הקווים הדקים על ציר הזמן מסמנים את המעברים, וכשגוררים כתובית היא נצמדת אליהם.	
לא היה מה להזיז	
 מעברי סצנה, וכל הכתוביות כבר מסודרות ביחס אליהם.	
 מעברי סצנה. כתוביות שהתחילו או נגמרו עד חצי שנייה ממעבר - הוזזו אליו.	
מעברי הסצנה נמצאים בתמונה של הסרט. פתחו קודם את הסרט.	
אין תמונה	
בקובץ הזה יש רק קול, ולכן אין בו מעברי סצנה.	
אין כתוביות מתוזמנות	
אין כתוביות להצמיד.	
השורות עוד בלי זמנים אמיתיים. קודם לתזמן אותן - למשל בכפתור ״לתזמן לבד״.	
מאתר מעברי סצנה בסרט	
כאן מתחיל:  	
כאן מתחיל	
סיום התזמון  ·  נשארו 	
יש שורה אחת בלי תזמון	
 שורות בלי תזמון	
  ·  לתזמן בלחיצה	
פתחו קודם את הסרט שאליו הטקסט שייך.	
לוחצים על הכפתור הכחול (Enter) כשמשפט מתחיל, ועל ״כאן נגמר״ (Backspace) כשהוא נגמר. Esc לסיום.	
תזמון בלחיצה	
סיום בלחיצה	
סיימתם לתזמן. אפשר לתקן כל שורה בגרירה על הציר, או בשדות הזמן.	
לא נבחרה כתובית	
בחרו קודם כתובית מהרשימה או מהציר.	
קביעת התחלה	
קביעת סיום	
בחרו כתובית ומקמו את הסמן במקום שבו לפצל.	
הסמן לא בתוך הכתובית	
הזיזו את הסמן על הציר לאמצע הכתובית, ואז לחצו ״פיצול לשתיים״.	
פיצול	
צריך שתיים לפחות	
סמנו שתי כתוביות או יותר (החזיקו Ctrl ולחצו עליהן), ואז ״איחוד״.	
איחוד	
הזזה קטנה	
קובצי וידאו ואודיו|*.mp4;*.mkv;*.avi;*.mov;*.wmv;*.flv;*.webm;*.m4v;*.mpg;*.mpeg;*.ts;*.m2ts;*.3gp;*.mp3;*.wav;*.m4a;*.aac;*.flac;*.ogg;*.wma;*.opus|כל הקבצים|*.*	
כל הקבצים שאני מכיר|*.subtext;*.mp4;*.mkv;*.avi;*.mov;*.wmv;*.flv;*.webm;*.m4v;*.mpg;*.mpeg;*.ts;*.m2ts;*.3gp;*.mp3;*.wav;*.m4a;*.aac;*.flac;*.ogg;*.wma;*.opus;*.srt;*.vtt;*.ass;*.ssa;*.sub;*.txt|	
סרטים וקובצי קול|*.mp4;*.mkv;*.avi;*.mov;*.wmv;*.flv;*.webm;*.m4v;*.mpg;*.mpeg;*.ts;*.m2ts;*.3gp;*.mp3;*.wav;*.m4a;*.aac;*.flac;*.ogg;*.wma;*.opus|	
קובצי כתוביות|*.srt;*.vtt;*.ass;*.ssa;*.sub;*.txt|פרויקטים|*.subtext|כל הקבצים|*.*	
בחירת קובץ וידאו או אודיו	
קובצי כתוביות|*.srt;*.vtt;*.ass;*.ssa;*.sub;*.txt|כל הקבצים|*.*	
בחירת קובץ כתוביות	
בחירת קובץ	
חסר FFmpeg	
בלי הקובץ ffmpeg.exe אי אפשר לפתוח סרטים.	
לא הצלחתי לפתוח את הקובץ	
ייתכן שהקובץ פגום או בפורמט לא נתמך:\n	
לא הצלחתי לפתוח	
לא נמצאו תזמונים בקובץ	
נראה שזה קובץ טקסט רגיל. לייבא אותו כטקסט ולתת לתוכנה לתזמן אוטומטית?	
כן, כטקסט	
כבר יש כתוביות פתוחות	
מה לעשות עם 	
 הכתוביות מהקובץ החדש?	
להחליף את הקיימות	
לצרף לקיימות	
ייבוא	
נטענו 	
 כתוביות מהקובץ 	
  (קידוד 	
לא הצלחתי לטעון את הכתוביות	
ייבוא טקסט	
אין קול בקובץ	
אין מה לתמלל - בקובץ הזה אין פס קול.	
המכסה של 	
 נגמרה	
לא נוצרו כתוביות	
לא זוהה דיבור בקובץ.	
נעצר. 	
  כדאי לעבור ולתקן.  לביטול - Ctrl+Z.	
תומלל עד 	
 כתוביות).	
תומלל רק חלק מהסרט - 	
 נגמרה באמצע	
התמלול נעצר באמצע	
שלושה קטעים ברצף נכשלו.	
  ועוד 	
קטע אחד לא תומלל	
כמה קטעים לא תומללו	
הקטעים האלה לא הצליחו, וכדאי להשלים אותם ידנית:	
, או לתמלל את השאר דרך גוגל.	
המכסה של גוגל מתאפסת מחר. אפשר גם לעבור ל-Groq, שנותן עד 8 שעות ביום - בחלון התמלול, ״איפה לתמלל״.	
אין מה לשמור	
עוד לא נוצרו כתוביות.	
קובץ כתוביות SRT (הכי נפוץ)|*.srt|WebVTT|*.vtt|ASS מעוצב|*.ass|טקסט לתרגום|*.txt	
שמירה כקובץ SRT - הקובץ המקורי לא ישתנה	
שמירת קובץ הכתוביות	
השמטת כתוביות ריקות	
כל הכתוביות ריקות מטקסט.	
הכתוביות נשמרו:  	
   (הושמטו 	
 כתוביות בלי טקסט)	
פתחו קודם קובץ וידאו.	
צריך לפחות כתובית אחת כדי להטמיע.	
קודם מסמנים קטע	
כך חותכים:\n1. הזיזו את הסמן על הציר לנקודת ההתחלה ולחצו ״סימון התחלה״.\n2. הזיזו לנקודת הסיום ולחצו ״סימון סוף״.\n3. חזרו לכאן - הקטע המסומן יהיה מוכן לחיתוך.	
     גודל: 	
מה יש בקובץ	
 הכתוביות שנשלפו?	
שליפת כתוביות	
נשלפו 	
 כתוביות מתוך הסרט - אפשר לתרגם או לתקן תזמון.	
אין מה להזיז.	
אין מה לסנכרן.	
 כתוביות.  לביטול - Ctrl+Z.	
בעיה אחת	
 בעיות	
  (ועוד 	
 - הסבר בריחוף על הסימן ברשימה)	
לחיצה קופצת אליה	
כל לחיצה קופצת לבאה	
תיקון	
לתקן אוטומטית	
חפיפות, קצרות ומהירות מדי, שורות ארוכות וריקות · Ctrl+Z מבטל	
לכבות את בדיקת האיות	
אפשר להדליק שוב מתפריט הכתוביות	
תיקון אוטומטי	
אין מה לייצא.	
קובץ טקסט|*.txt	
 - לתרגום.txt	
הקובץ נשמר	
תרגמו את הטקסט ושמרו את הקובץ.\nחשוב: אל תמחקו את המספרים (#1, #2...) - לפיהם התרגום חוזר בדיוק לתזמון הנכון.	
צריך קודם לטעון את הכתוביות המקוריות.	
קובץ טקסט|*.txt|כל הקבצים|*.*	
החזרת תרגום	
שימו לב	
הוחזר בהצלחה	
 כתוביות עם התרגום.	
כתובית אחת	
נמצאה עבודה שלא נשמרה	
בפעם הקודמת התוכנה נסגרה לפני שהעבודה נשמרה:\n	
\nלשחזר אותה?	
לשחזר	
לא, תודה	
יש כתוביות מהפעם הקודמת (	
).\nלשחזר אותן?	
פתחו סרט או צרו כתוביות, ואז אפשר לשמור את הפרויקט.	
פרויקט של Subtext|*	
הפרויקט לא נשמר	
הפרויקט נשמר:  	
‏   ·   בפעם הבאה הוא יחכה במסך הפתיחה	
לא הצלחתי לפתוח את הפרויקט	
לפתוח את הפרויקט?	
הכתוביות שלא נשמרו יאבדו.	
העבודה שוחזרה	
נפתח הפרויקט 	
  ·  בלי הסרט	
הסרט של הפרויקט לא נמצא	
חיפשתי את 	
‏ ולא מצאתי. אולי הוא הועבר לתיקייה אחרת, 	
או שהכונן שלו לא מחובר.\nהכתוביות נפתחות בכל מקרה.	
לאתר את הסרט	
להמשיך בלי הסרט	
איפה הסרט?	

# ---- Model.cs ----
  ·  משך כולל 	

# ---- Program.cs ----
קרתה תקלה בלתי צפויה:\n\n	

# ---- Project.cs ----
לא הצלחתי לקרוא את הקובץ: 	
הקובץ פגום, או שהוא לא פרויקט של התוכנה.	
זה לא קובץ פרויקט של התוכנה.	
הפרויקט נשמר בגרסה חדשה יותר של התוכנה, והגרסה הזאת לא יודעת לקרוא אותו. כדאי לעדכן.	

# ---- Qa.cs ----
כתובית אחת 	
 כתוביות 	
נגמרת אחרי שהכתובית הבאה כבר התחילה, ושתיהן על המסך יחד.	
 תווים בשנייה - אי אפשר לקרוא בזמן. כדאי להאריך אותה, או לקצר את הטקסט.	
מופיעה פחות משנייה, ונעלמת לפני שמספיקים לקרוא.	
נשארת 	
 שניות. כתובית שנשארת אחרי שהדיבור נגמר מבלבלת; כדאי לפצל או לקצר.	
שורה ארוכה מ-	
 תווים יוצאת מהמסך בטלפון ובטלוויזיה קטנה.	
שלוש שורות ומעלה מכסות את התמונה. כדאי לפצל לשתי כתוביות.	
אולי יש בה שגיאת כתיב.	
״ אולי כתובה לא נכון	
 - אולי ״	
 קליק ימני על השורה מציע תיקון.	
״ ו-״	
 ועוד	
 אולי כתובות לא נכון. קליק ימני על השורה מציע תיקון.	
אין בה טקסט. אפשר לכתוב, או למחוק אותה.	
חפיפה אחת נפתרה	
חפיפות נפתרו	
כתובית אחת הוארכה	
כתוביות הוארכו	
כתובית אחת קוצרה	
כתוביות קוצרו	
כתובית אחת סודרה בשתי שורות	
כתוביות סודרו בשתי שורות	
כתובית ריקה אחת נמחקה	
כתוביות ריקות נמחקו	
לא היה מה לתקן אוטומטית.	
נשארה בעיה אחת	
 שצריך לתקן ביד.	
  לביטול - Ctrl+Z.	

# ---- Runtime.cs ----
לא הצלחתי להכין את מנוע הווידאו:\n\n	
\n\nהתיקייה: 	
\n\nאפשר גם פשוט להניח קובץ ffmpeg.exe ליד התוכנה.	
אין מה למחוק - המנוע לא נפרס.	
המנוע נמחק מ:\n	
\nהוא ייפרס מחדש בהפעלה הבאה.	
מתקין את מנוע הווידאו	
פעם אחת בלבד, לוקח כמה שניות	
%   ·   	
נפרס ליד התוכנה (מצב נייד)	
נפרס אל תיקיית המשתמש	

# ---- SceneCuts.cs ----
מאתר מעברי סצנה	

# ---- Spell.cs ----
ההורדה בוטלה.	
המילון שירד פגום. נסו שוב.	
המילון שירד פגום, או שהוחלף בשרת. נסו שוב.	
המילון לא נמצא בשרת. כדאי לעדכן את התוכנה ולנסות שוב.	

# ---- SpellEngine.cs ----
טת	
סש	
בו	
אה	
כח	
קכ	
צז	
יותר מדי צירופי סוגים במילון	
ובהלמכש	
כמלב	
אבגדהוזחטיכלמנסעפצקרשת	

# ---- Stt.cs ----
המכסה החינמית של גוגל נגמרה להיום.	
המכסה החינמית של 	
 נגמרה לעכשיו. 	
אפשר לנסות שוב בעוד כמה דקות.	
אפשר לנסות שוב עכשיו.	
אפשר להמשיך בעוד כ-	
 דקות.	
 שעות.	
אפשר להמשיך מחר.	
לא הוגדר מפתח ל	
 לא תקין, או שפג תוקפו.	
 נגמרה לעכשיו.	
קטע השמע גדול מדי לשירות.	
השרת של 	
 לא זמין כרגע. אפשר לנסות שוב בעוד כמה דקות.	
אין חיבור לאינטרנט, או שהשירות חסום ברשת הזאת.	
 החזיר שגיאה 	
תודה רבה	
תודה שצפיתם	
תודה על הצפייה	
תרגום	
תמלול	
התשובה חזרה בלי זמנים.	

# ---- Style.cs ----
 · מודגש	
 · רקע מלא	

# ---- Timeline.cs ----
 כתוביות · התקרבו כדי לערוך אותן	
עריכת תזמון	
הוספת כתובית	
מכין את פס הקול...  	
כאן יופיע ציר הזמן של הסרט	
פתחו קובץ וידאו או אודיו כדי להתחיל	
אפשר גם לגרור כאן	
כניסה	
יציאה	

# ---- Transcribe.cs ----
מנוע הווידאו לא זמין.	
לא הצלחתי לקרוא את אורך הקובץ.	
מתמלל 	
ממתין למכסה של 	
 שניות)…	
מסיים…	

# ---- UiKit.cs ----
סגור	

# ---- Updater.cs ----
לא נמצאה אף גרסה במאגר.	
תשובה לא מובנת מהמאגר: 	
תשובה לא מובנת מהמאגר.	
לא נמצאה גרסה במאגר.	
אין קובץ להורדה	
בשחרור הזה לא צורף קובץ.	
העדכון מגיע כמתקין	
בגרסה הזאת פורסם רק קובץ התקנה. אפשר לפתוח את דף ההורדה ולהחליט.	
לפתוח את הדף	
מוריד את הגרסה 	
העדכון נכשל	
העדכון לא הצליח	
ההורדה נקטעה באמצע. אפשר לנסות שוב.	
הקובץ שהתקבל קטן מדי - ההורדה נכשלה.	
הקובץ שירד לא זהה לגרסה שפורסמה. אפשר לנסות שוב.	
הקובץ לא נמצא בשרת. אפשר לנסות שוב מאוחר יותר.	
הפעולה לא הצליחה	
לא הצלחתי להחליף את הקובץ	
הגרסה החדשה ירדה, אבל לא הצלחתי להחליף את הקובץ הקיים.	
אפשר לסגור את התוכנה ולהעתיק את הקובץ החדש במקום הישן.	
לפתוח את התיקייה	
על התוכנה	
Subtext · אולפן הכתוביות · גרסה 	
תוכנה חופשית ליצירה, לתיקון ולהטמעה של כתוביות בעברית.	
רצה בלי התקנה ובלי אינטרנט - הכול נמצא בתוך הקובץ הזה.	
הפעולות היחידות שיוצאות החוצה הן התרגום, התמלול והעוזר.	
גרסה	
גרסה 	
עותק מותקן	
עותק נייד	
לחצו ״בדיקת עדכון״ כדי לראות אם יצאה גרסה חדשה.	
העתקת פרטי הגרסה	
רישיון	
הקוד של התוכנה חופשי (רישיון 	
) - מותר לקחת אותו,	
לשנות ולבנות ממנו מה שרוצים. מנוע הווידאו 	
 מגיע ברישיון 	
גופן 	
 ברישיון 	
, ומילון האיות (יורד בנפרד) ברישיון 	
הנוסח המלא של כולם נמצא בתוך הקובץ.	
שמירת נוסח הרישיונות לתיקייה	
קוד ותמיכה	
קוד המקור באינטרנט	
דיווח על תקלה או בקשה	
יומן השינויים המלא	
בדיקת עדכון עכשיו	
הועתק	
לא הועתק	
לאן לשמור את נוסחי הרישיון?	
נכתבו 	
 קבצים אל	
לא נמצאו נוסחי רישיון בקובץ.	
למחוק את מנוע הווידאו?	
התוכנה תפרוס אותו מחדש בהפעלה הבאה (כמה שניות).	
נמחק	
לא הצלחתי לבדוק כרגע.	
הגרסה שלכם היא העדכנית ביותר.	
חשוב לדעת	
מה חדש	
תיקונים	
ועוד 	
תוספת אחת	
תוספות	
תיקון אחד	
 ושיפורים	
העיקר שנוסף	
מה השתנה בגרסה 	
דילגתם על 	
גרסה אחת	
גרסאות	
) — הנה העיקר	

# ---- VideoPreview.cs ----
גררו לכאן סרט	
או לחצו למעלה על ״פתיחת סרט״	
קובץ אודיו בלבד	
